"Invoice;""product 1"";""Orders"";""Sales value"""
"131506;""Product 20"";1;40"
"131506;""Product 21"";1;80"
"131507;""Product 11"";1;80"
"131508;""Product 19"";1;32"
"131509;""Product 31"";1;9"
"131510;""Product 11"";1;80"
"131510;""Product 20"";2;40"
"131510;""Product 20"";1;40"
"131519;""Product 11"";1;80"
"131541;""Product 11"";1;80"
"131541;""Product 20"";1;40"
"131542;""Product 11"";1;80"
"131543;""Product 26"";1;41"
"131559;""Product 23"";1;19"
"131559;""Product 26"";1;41"
"131560;""Product 15"";1;16"
"131584;""Product 11"";1;80"
"131584;""Product 19"";1;32"
"131584;""Product 20"";1;40"
"131597;""Product 13"";1;30"
"131598;""product 1"";1;50"
"131598;""Product 12"";1;60"
"131599;""Product 11"";1;80"
"131619;""Product 11"";1;80"
"131619;""Product 11"";1;80"
"131620;""Product 11"";1;80"
"131620;""Product 20"";1;40"
"131650;""Product 13"";1;30"
"131651;""Product 29"";1;22"
"131652;""Product 11"";1;80"
"131678;""Product 21"";1;80"
"131679;""Product 22"";1;77"
"131680;""Product 14"";1;20"
"131706;""Product 23"";1;19"
"131707;""Product 16"";1;5"
"131708;""Product 20"";1;40"
"131708;""Product 27"";1;25"
"131709;""Product 11"";1;80"
"131710;""Product 20"";1;40"
"131711;""Product 18"";1;25"
"131712;""Product 24"";1;33"
"131712;""Product 26"";1;41"
"131732;""product 1"";1;50"
"131732;""Product 13"";1;30"
"131732;""Product 16"";1;5"
"131733;""Product 24"";1;33"
"131733;""Product 24"";1;33"
"131756;""Product 13"";1;30"
"131757;""Product 29"";1;22"
"131781;""Product 12"";1;60"
"131781;""Product 31"";1;9"
"131811;""Product 24"";1;33"
"131833;""Product 12"";1;60"
"131833;""Product 12"";1;60"
"131833;""Product 31"";1;9"
"131851;""Product 11"";1;80"
"131851;""Product 12"";1;60"
"131852;""Product 14"";1;20"
"131853;""Product 30"";1;14"
"131882;""product 1"";1;50"
"131882;""Product 12"";1;60"
"131882;""Product 12"";1;60"
"131882;""Product 14"";1;20"
"131883;""Product 20"";1;40"
"131884;""Product 19"";1;32"
"131884;""Product 20"";1;40"
"131903;""Product 11"";1;80"
"131904;""Product 20"";1;40"
"131904;""Product 26"";1;41"
"131905;""Product 11"";1;80"
"131905;""Product 24"";1;33"
"131922;""Product 16"";1;5"
"131923;""Product 16"";1;5"
"131942;""Product 29"";1;22"
"131943;""Product 11"";1;80"
"131943;""Product 11"";1;80"
"645951;""Product 14"";1;20"
"645952;""Product 26"";1;41"
"645952;""Product 26"";1;41"
"645952;""Product 26"";1;41"
"645953;""Product 27"";1;25"
"646008;""Product 23"";1;19"
"646009;""Product 24"";1;33"
"646010;""Product 18"";1;25"
"646011;""Product 26"";1;41"
"646012;""Product 12"";1;60"
"646012;""Product 13"";1;30"
"646013;""Product 23"";1;19"
"646014;""Product 18"";1;25"
"646015;""Product 13"";1;30"
"646015;""Product 15"";1;16"
"646016;""Product 16"";1;5"
"646017;""Product 23"";1;19"
"646017;""Product 25"";1;37"
"646018;""Product 24"";1;33"
"646018;""Product 24"";1;33"
"646019;""Product 21"";1;80"
"646020;""Product 11"";1;80"
"646020;""Product 20"";1;40"
"646021;""Product 11"";1;80"
"646022;""Product 18"";1;25"
"646022;""Product 20"";1;40"
"646023;""Product 19"";1;32"
"646023;""Product 19"";1;32"
"646113;""Product 19"";1;32"
"646113;""Product 19"";1;32"
"646113;""Product 19"";1;32"
"646114;""Product 11"";1;80"
"646115;""Product 12"";1;60"
"646115;""Product 21"";1;80"
"646116;""Product 31"";1;9"
"646117;""Product 31"";1;9"
"646118;""Product 14"";1;20"
"646119;""Product 29"";1;22"
"646120;""Product 18"";1;25"
"646121;""Product 19"";1;32"
"646122;""Product 29"";1;22"
"646123;""Product 18"";1;25"
"646124;""Product 29"";1;22"
"646125;""Product 13"";1;30"
"646126;""Product 26"";1;41"
"646127;""Product 11"";1;80"
"646128;""Product 31"";1;9"
"646129;""Product 27"";1;25"
"646130;""Product 14"";1;20"
"646131;""Product 12"";1;60"
"646131;""Product 20"";1;40"
"646131;""Product 31"";1;9"
"646132;""Product 31"";1;9"
"646133;""Product 30"";1;14"
"646134;""Product 11"";1;80"
"646135;""Product 14"";1;20"
"646136;""Product 10"";1;70"
"646137;""Product 10"";1;70"
"646138;""Product 15"";1;16"
"646139;""Product 10"";1;70"
"646140;""Product 11"";1;80"
"646217;""Product 24"";1;33"
"646218;""Product 12"";1;60"
"646218;""Product 15"";1;16"
"646218;""Product 15"";1;16"
"646219;""Product 12"";1;60"
"646219;""Product 15"";1;16"
"646219;""Product 15"";1;16"
"646220;""Product 12"";1;60"
"646220;""Product 12"";1;60"
"646220;""Product 12"";1;60"
"646220;""Product 12"";1;60"
"646220;""Product 20"";1;40"
"646220;""Product 20"";1;40"
"646220;""Product 27"";1;25"
"646221;""Product 11"";1;80"
"646221;""Product 20"";1;40"
"646223;""Product 24"";1;33"
"646224;""Product 29"";1;22"
"646225;""Product 11"";1;80"
"646225;""Product 20"";1;40"
"646226;""Product 24"";1;33"
"646227;""Product 11"";1;80"
"646228;""Product 26"";1;41"
"646229;""Product 12"";1;60"
"646229;""Product 15"";1;16"
"646229;""Product 15"";1;16"
"646229;""Product 18"";1;25"
"646230;""Product 18"";1;25"
"646230;""Product 20"";1;40"
"646231;""Product 10"";1;70"
"646232;""Product 26"";1;41"
"646233;""Product 25"";1;37"
"646234;""Product 26"";1;41"
"646312;""Product 10"";1;70"
"646313;""Product 10"";1;70"
"646313;""Product 10"";1;70"
"646314;""Product 18"";1;25"
"646315;""Product 10"";1;70"
"646316;""Product 26"";1;41"
"646317;""Product 11"";1;80"
"646318;""Product 12"";1;60"
"646318;""Product 12"";1;60"
"646318;""Product 12"";1;60"
"646318;""Product 20"";1;40"
"646318;""Product 29"";1;22"
"646319;""Product 12"";1;60"
"646319;""Product 19"";1;32"
"646319;""Product 19"";1;32"
"646319;""Product 19"";1;32"
"646319;""Product 19"";1;32"
"646320;""Product 19"";1;32"
"646320;""Product 19"";1;32"
"646320;""Product 19"";1;32"
"646321;""Product 24"";1;33"
"646322;""Product 12"";1;60"
"646322;""Product 15"";1;16"
"646322;""Product 15"";1;16"
"646323;""Product 18"";1;25"
"646324;""Product 11"";1;80"
"646324;""Product 12"";1;60"
"646324;""Product 12"";1;60"
"646324;""Product 20"";1;40"
"646324;""Product 27"";1;25"
"646325;""Product 23"";1;19"
"646326;""Product 12"";1;60"
"646326;""Product 29"";1;22"
"646327;""Product 25"";1;37"
"646328;""Product 13"";1;30"
"646329;""Product 18"";1;25"
"646330;""Product 11"";1;80"
"646331;""Product 12"";1;60"
"646331;""Product 28"";1;18"
"646442;""product 1"";1;50"
"646443;""product 1"";1;50"
"646443;""Product 12"";1;60"
"646443;""Product 12"";1;60"
"646444;""Product 10"";1;70"
"646444;""Product 10"";1;70"
"646446;""Product 16"";1;5"
"646446;""Product 23"";1;19"
"646447;""product 1"";1;50"
"646447;""Product 16"";1;5"
"646448;""Product 10"";1;70"
"646448;""Product 10"";1;70"
"646449;""Product 10"";1;70"
"646449;""Product 24"";1;33"
"646449;""Product 24"";1;33"
"646450;""Product 10"";1;70"
"646451;""Product 10"";1;70"
"646452;""Product 18"";1;25"
"646453;""Product 11"";1;80"
"646454;""Product 10"";1;70"
"646455;""Product 10"";1;70"
"646456;""Product 13"";1;30"
"646457;""Product 18"";1;25"
"646458;""Product 10"";1;70"
"646459;""Product 23"";1;19"
"646460;""Product 12"";1;60"
"646460;""Product 28"";1;18"
"646461;""Product 10"";1;70"
"646462;""Product 23"";1;19"
"646463;""Product 25"";1;37"
"646464;""Product 13"";1;30"
"646465;""Product 14"";1;20"
"646466;""Product 10"";1;70"
"646466;""Product 14"";1;20"
"646466;""Product 14"";1;20"
"646543;""Product 10"";1;70"
"646543;""Product 11"";1;80"
"646543;""Product 16"";1;5"
"646544;""Product 18"";1;25"
"646545;""Product 23"";1;19"
"646546;""Product 20"";1;40"
"646547;""product 1"";1;50"
"646547;""Product 12"";1;60"
"646548;""Product 24"";1;33"
"646549;""product 1"";1;50"
"646550;""Product 23"";1;19"
"646551;""Product 25"";1;37"
"646552;""Product 12"";1;60"
"646552;""Product 20"";1;40"
"646552;""Product 22"";1;77"
"646552;""Product 27"";1;25"
"646552;""Product 29"";1;22"
"646553;""Product 11"";1;80"
"646554;""Product 14"";1;20"
"646554;""Product 14"";1;20"
"646555;""Product 26"";1;41"
"646556;""Product 11"";1;80"
"646557;""Product 14"";1;20"
"646558;""Product 10"";1;70"
"646558;""Product 20"";1;40"
"646559;""Product 10"";1;70"
"646559;""Product 10"";1;70"
"646560;""Product 21"";1;80"
"646561;""product 1"";1;50"
"646561;""Product 12"";1;60"
"646561;""Product 12"";1;60"
"646562;""Product 12"";1;60"
"646563;""Product 11"";1;80"
"646564;""Product 12"";1;60"
"646639;""Product 15"";1;16"
"646655;""Product 23"";1;19"
"646655;""Product 23"";1;19"
"646656;""Product 12"";1;60"
"646656;""Product 12"";1;60"
"646656;""Product 31"";1;9"
"646657;""Product 12"";1;60"
"646657;""Product 15"";1;16"
"646657;""Product 15"";1;16"
"646658;""Product 27"";1;25"
"646659;""Product 31"";1;9"
"646660;""Product 12"";1;60"
"646759;""Product 25"";1;37"
"646759;""Product 25"";1;37"
"646759;""Product 25"";1;37"
"646760;""Product 12"";1;60"
"646760;""Product 15"";1;16"
"646760;""Product 15"";1;16"
"646760;""Product 15"";1;16"
"646761;""Product 28"";1;18"
"646762;""Product 19"";1;32"
"646762;""Product 27"";1;25"
"646763;""Product 10"";1;70"
"646764;""Product 24"";1;33"
"646765;""Product 12"";1;60"
"646765;""Product 15"";1;16"
"646765;""Product 15"";1;16"
"646766;""Product 21"";1;80"
"646767;""Product 13"";1;30"
"646768;""Product 23"";1;19"
"646769;""Product 28"";1;18"
"646770;""Product 20"";1;40"
"646771;""Product 26"";1;41"
"646772;""Product 19"";1;32"
"646772;""Product 22"";1;77"
"646773;""Product 10"";1;70"
"646774;""Product 20"";1;40"
"646774;""Product 20"";1;40"
"646774;""Product 27"";1;25"
"646775;""Product 15"";1;16"
"646777;""Product 22"";1;77"
"646847;""Product 15"";1;16"
"646866;""Product 17"";1;8"
"646866;""Product 17"";1;8"
"646867;""Product 18"";1;25"
"646868;""Product 26"";1;41"
"646869;""Product 11"";1;80"
"646870;""Product 19"";1;32"
"646871;""Product 26"";1;41"
"646872;""Product 11"";1;80"
"646873;""Product 23"";1;19"
"646874;""Product 22"";1;77"
"646875;""Product 21"";1;80"
"646875;""Product 21"";1;80"
"646876;""Product 19"";1;32"
"646877;""Product 12"";1;60"
"646877;""Product 15"";1;16"
"646877;""Product 15"";1;16"
"646877;""Product 15"";1;16"
"646946;""Product 18"";1;25"
"646946;""Product 20"";1;40"
"646972;""Product 21"";1;80"
"646973;""Product 21"";1;80"
"646973;""Product 21"";1;80"
"646974;""Product 21"";1;80"
"646974;""Product 21"";1;80"
"646975;""Product 16"";1;5"
"646976;""Product 12"";1;60"
"646976;""Product 12"";1;60"
"646976;""Product 16"";1;5"
"646976;""Product 19"";1;32"
"646976;""Product 20"";1;40"
"646977;""Product 10"";1;70"
"646977;""Product 10"";1;70"
"646978;""Product 10"";1;70"
"646979;""Product 20"";1;40"
"646980;""Product 21"";1;80"
"646981;""Product 21"";1;80"
"646982;""Product 12"";1;60"
"646982;""Product 22"";1;77"
"646982;""Product 22"";1;77"
"646983;""Product 28"";1;18"
"646984;""Product 12"";1;60"
"646984;""Product 20"";1;40"
"646984;""Product 26"";1;41"
"646985;""Product 13"";1;30"
"646986;""Product 30"";1;14"
"646986;""Product 30"";1;14"
"646987;""Product 21"";1;80"
"646988;""Product 11"";1;80"
"646989;""Product 11"";1;80"
"646990;""Product 29"";1;22"
"646991;""Product 10"";1;70"
"646992;""Product 12"";1;60"
"646992;""Product 15"";1;16"
"646992;""Product 15"";1;16"
"647086;""product 1"";1;50"
"647087;""Product 12"";1;60"
"647087;""Product 15"";1;16"
"647087;""Product 15"";1;16"
"647087;""Product 21"";1;80"
"647088;""Product 24"";1;33"
"647089;""product 1"";1;50"
"647090;""Product 16"";1;5"
"647091;""Product 13"";1;30"
"647091;""Product 26"";1;41"
"647092;""Product 23"";1;19"
"647093;""product 1"";1;50"
"647094;""Product 16"";1;5"
"647095;""Product 16"";1;5"
"647095;""Product 23"";1;19"
"647095;""Product 23"";1;19"
"647096;""Product 20"";1;40"
"647096;""Product 25"";1;37"
"647096;""Product 25"";1;37"
"647096;""Product 25"";1;37"
"647096;""Product 25"";1;37"
"647096;""Product 29"";1;22"
"647097;""Product 26"";1;41"
"647098;""Product 14"";1;20"
"647099;""Product 27"";1;25"
"647100;""Product 18"";1;25"
"647101;""Product 18"";1;25"
"647101;""Product 20"";1;40"
"647102;""Product 18"";1;25"
"647103;""Product 11"";1;80"
"647103;""Product 11"";1;80"
"647104;""Product 18"";1;25"
"647105;""Product 29"";1;22"
"647106;""Product 11"";1;80"
"647107;""Product 13"";1;30"
"647108;""Product 11"";1;80"
"647109;""Product 12"";1;60"
"647110;""product 1"";1;50"
"647174;""Product 21"";1;80"
"647176;""Product 12"";1;60"
"647176;""Product 12"";1;60"
"647176;""Product 21"";1;80"
"647177;""Product 28"";1;18"
"647178;""Product 12"";1;60"
"647178;""Product 18"";1;25"
"647179;""Product 26"";1;41"
"647180;""Product 14"";1;20"
"647181;""Product 12"";1;60"
"647181;""Product 12"";1;60"
"647181;""Product 12"";1;60"
"647181;""Product 12"";1;60"
"647182;""Product 12"";1;60"
"647182;""Product 12"";1;60"
"647182;""Product 12"";1;60"
"647182;""Product 16"";1;5"
"647183;""Product 14"";1;20"
"647184;""Product 19"";1;32"
"647185;""Product 26"";1;41"
"647187;""Product 12"";1;60"
"647187;""Product 15"";1;16"
"647187;""Product 15"";1;16"
"647193;""product 1"";1;50"
"647196;""product 1"";1;50"
"647272;""Product 12"";1;60"
"647272;""Product 15"";1;16"
"647272;""Product 15"";1;16"
"647273;""Product 10"";1;70"
"647274;""Product 19"";1;32"
"647275;""Product 23"";1;19"
"647276;""Product 23"";1;19"
"647277;""Product 21"";1;80"
"647278;""Product 18"";1;25"
"647279;""Product 11"";1;80"
"647279;""Product 20"";1;40"
"647280;""Product 21"";1;80"
"647281;""Product 13"";1;30"
"647282;""Product 11"";1;80"
"647283;""Product 20"";1;40"
"647284;""Product 18"";1;25"
"647285;""Product 10"";1;70"
"647285;""Product 13"";1;30"
"647285;""Product 18"";1;25"
"647285;""Product 19"";1;32"
"647285;""Product 19"";1;32"
"647285;""Product 19"";1;32"
"647286;""Product 12"";1;60"
"647286;""Product 12"";1;60"
"647286;""Product 22"";1;77"
"647287;""product 1"";1;50"
"647290;""product 1"";1;50"
"647363;""Product 23"";1;19"
"647363;""Product 25"";1;37"
"647363;""Product 25"";1;37"
"647364;""Product 13"";1;30"
"647365;""Product 28"";1;18"
"647366;""Product 29"";1;22"
"647367;""Product 14"";1;20"
"647368;""Product 12"";1;60"
"647368;""Product 15"";1;16"
"647368;""Product 15"";1;16"
"647368;""Product 15"";1;16"
"647369;""Product 18"";1;25"
"647370;""Product 11"";1;80"
"647371;""Product 13"";1;30"
"647372;""Product 26"";1;41"
"647373;""Product 11"";1;80"
"647374;""Product 23"";1;19"
"647375;""Product 12"";1;60"
"647375;""Product 15"";1;16"
"647375;""Product 15"";1;16"
"647376;""Product 17"";1;8"
"647377;""Product 23"";1;19"
"647378;""Product 23"";1;19"
"647379;""Product 11"";1;80"
"647380;""Product 11"";1;80"
"647381;""Product 11"";1;80"
"647381;""Product 12"";1;60"
"647381;""Product 19"";1;32"
"647381;""Product 20"";1;40"
"647382;""Product 12"";1;60"
"647452;""Product 13"";1;30"
"647473;""product 1"";1;50"
"647473;""Product 16"";1;5"
"647474;""product 1"";1;50"
"647475;""Product 17"";1;8"
"647476;""Product 24"";1;33"
"647477;""Product 23"";1;19"
"647479;""Product 18"";1;25"
"647480;""Product 22"";1;77"
"647480;""Product 23"";1;19"
"647481;""Product 24"";1;33"
"647482;""Product 17"";1;8"
"647483;""Product 18"";1;25"
"647484;""Product 25"";1;37"
"647485;""Product 12"";1;60"
"647485;""Product 15"";1;16"
"647485;""Product 15"";1;16"
"647486;""Product 26"";1;41"
"647487;""Product 26"";1;41"
"647488;""Product 10"";1;70"
"647488;""Product 10"";1;70"
"647489;""Product 21"";1;80"
"647490;""product 1"";1;50"
"647556;""Product 26"";1;41"
"647556;""Product 26"";1;41"
"647557;""Product 24"";1;33"
"647557;""Product 24"";1;33"
"647557;""Product 24"";1;33"
"647558;""Product 24"";1;33"
"647558;""Product 24"";1;33"
"647559;""Product 30"";1;14"
"647560;""Product 12"";1;60"
"647560;""Product 15"";1;16"
"647560;""Product 15"";1;16"
"647561;""Product 25"";1;37"
"647561;""Product 26"";1;41"
"647562;""Product 12"";1;60"
"647562;""Product 15"";1;16"
"647562;""Product 15"";1;16"
"647562;""Product 15"";1;16"
"647562;""Product 18"";1;25"
"647562;""Product 22"";1;77"
"647563;""Product 24"";1;33"
"647564;""Product 24"";1;33"
"647565;""Product 16"";1;5"
"647566;""Product 26"";1;41"
"647567;""Product 18"";1;25"
"647568;""Product 23"";1;19"
"647569;""Product 14"";1;20"
"647569;""Product 20"";1;40"
"647570;""Product 10"";1;70"
"647570;""Product 10"";1;70"
"647571;""Product 11"";1;80"
"647571;""Product 13"";1;30"
"647571;""Product 20"";1;40"
"647572;""Product 14"";1;20"
"647572;""Product 22"";1;77"
"647573;""Product 21"";1;80"
"647574;""Product 11"";1;80"
"647574;""Product 11"";1;80"
"647575;""Product 10"";1;70"
"647638;""Product 11"";1;80"
"647638;""Product 20"";1;40"
"647650;""Product 21"";1;80"
"647651;""Product 19"";1;32"
"647652;""Product 12"";1;60"
"647652;""Product 12"";1;60"
"647653;""Product 12"";1;60"
"647654;""Product 11"";1;80"
"647655;""Product 20"";1;40"
"647655;""Product 20"";1;40"
"647655;""Product 27"";1;25"
"647656;""product 1"";1;50"
"647657;""Product 18"";1;25"
"647658;""Product 12"";1;60"
"647658;""Product 15"";1;16"
"647658;""Product 15"";1;16"
"647659;""Product 13"";1;30"
"647660;""Product 23"";1;19"
"647769;""Product 29"";1;22"
"647771;""Product 12"";1;60"
"647771;""Product 15"";1;16"
"647771;""Product 15"";1;16"
"647772;""Product 13"";1;30"
"647773;""Product 25"";1;37"
"647773;""Product 25"";1;37"
"647773;""Product 25"";1;37"
"647773;""Product 25"";1;37"
"647774;""Product 21"";1;80"
"647775;""product 1"";1;50"
"647776;""Product 21"";1;80"
"647777;""Product 11"";1;80"
"647777;""Product 20"";1;40"
"647778;""Product 21"";1;80"
"647779;""Product 14"";1;20"
"647780;""Product 13"";1;30"
"647781;""Product 20"";1;40"
"647781;""Product 20"";1;40"
"647781;""Product 27"";1;25"
"647782;""Product 18"";1;25"
"647783;""Product 20"";1;40"
"647783;""Product 28"";1;18"
"647784;""Product 26"";1;41"
"647785;""Product 23"";1;19"
"647786;""Product 12"";1;60"
"647786;""Product 15"";1;16"
"647786;""Product 15"";1;16"
"647850;""Product 17"";1;8"
"647850;""Product 23"";1;19"
"647850;""Product 23"";1;19"
"647863;""Product 17"";1;8"
"647863;""Product 17"";1;8"
"647864;""Product 17"";1;8"
"647864;""Product 17"";1;8"
"647864;""Product 17"";1;8"
"647865;""Product 24"";1;33"
"647865;""Product 24"";1;33"
"647866;""Product 24"";1;33"
"647867;""Product 23"";1;19"
"647868;""Product 10"";1;70"
"647868;""Product 10"";1;70"
"647868;""Product 23"";1;19"
"647869;""Product 10"";1;70"
"647869;""Product 10"";1;70"
"647869;""Product 10"";1;70"
"647870;""Product 10"";1;70"
"647871;""Product 10"";1;70"
"647873;""Product 18"";1;25"
"647874;""Product 10"";1;70"
"647874;""Product 30"";1;14"
"647875;""Product 23"";1;19"
"647876;""Product 18"";1;25"
"647877;""Product 19"";1;32"
"647878;""Product 11"";1;80"
"647879;""Product 14"";1;20"
"647880;""Product 26"";1;41"
"647881;""Product 28"";1;18"
"647882;""Product 12"";1;60"
"647882;""Product 16"";1;5"
"647882;""Product 20"";1;40"
"647889;""Product 10"";1;70"
"647978;""product 1"";1;50"
"647978;""Product 12"";1;60"
"647978;""Product 12"";1;60"
"647978;""Product 25"";1;37"
"647978;""Product 25"";1;37"
"647978;""Product 31"";1;9"
"647979;""Product 10"";1;70"
"647979;""Product 10"";1;70"
"647980;""Product 16"";1;5"
"647981;""Product 18"";1;25"
"647981;""Product 20"";1;40"
"647981;""Product 24"";1;33"
"647982;""Product 11"";1;80"
"647983;""Product 18"";1;25"
"647984;""Product 21"";1;80"
"647985;""Product 29"";1;22"
"647986;""Product 23"";1;19"
"647987;""Product 11"";1;80"
"647987;""Product 27"";1;25"
"647988;""Product 11"";1;80"
"647989;""Product 26"";1;41"
"647990;""Product 13"";1;30"
"647991;""Product 12"";1;60"
"647991;""Product 15"";1;16"
"647991;""Product 15"";1;16"
"647991;""Product 15"";1;16"
"647991;""Product 15"";1;16"
"647991;""Product 20"";1;40"
"1306797;""Product 10"";1;70"
"1306799;""Product 10"";1;70"
"1306799;""Product 10"";1;70"
"1306800;""Product 11"";1;80"
"1306800;""Product 12"";1;60"
"1306800;""Product 12"";1;60"
"1306824;""Product 13"";1;30"
"1306824;""Product 14"";1;20"
"1306825;""Product 15"";1;16"
"1306835;""Product 16"";1;5"
"1306845;""Product 17"";1;8"
"1306845;""Product 17"";1;8"
"1306872;""Product 18"";1;25"
"1306873;""Product 19"";1;32"
"1306873;""Product 19"";1;32"
"1306874;""Product 11"";1;80"
"1306874;""Product 15"";1;16"
"1306874;""Product 15"";1;16"
"1306874;""Product 15"";1;16"
"1306874;""Product 20"";1;40"
"1306875;""Product 21"";1;80"
"1306896;""Product 21"";1;80"
"1306915;""Product 22"";1;77"
"1306916;""Product 16"";1;5"
"1306917;""Product 12"";1;60"
"1306917;""Product 13"";1;30"
"1306918;""Product 11"";1;80"
"1306939;""Product 23"";1;19"
"1306940;""Product 13"";1;30"
"1306953;""Product 13"";1;30"
"1306954;""Product 11"";1;80"
"1306954;""Product 12"";1;60"
"1306954;""Product 18"";1;25"
"1306954;""Product 20"";1;40"
"1306954;""Product 20"";1;40"
"1306977;""Product 19"";1;32"
"1306977;""Product 20"";1;40"
"1306977;""Product 29"";1;22"
"1306985;""Product 26"";1;41"
"1306986;""Product 23"";1;19"
"1307018;""Product 16"";1;5"
"1307019;""Product 12"";1;60"
"1307019;""Product 15"";1;16"
"1307020;""Product 28"";1;18"
"1307021;""Product 12"";1;60"
"1307021;""Product 15"";1;16"
"1307021;""Product 15"";1;16"
"1307021;""Product 20"";1;40"
"1307022;""Product 29"";1;22"
"1307045;""Product 23"";1;19"
"1307046;""Product 19"";1;32"
"1307107;""Product 24"";1;33"
"1307108;""Product 12"";1;60"
"1307108;""Product 21"";1;80"
"1307109;""Product 11"";1;80"
"1307110;""Product 11"";1;80"
"1307111;""Product 24"";1;33"
"1307137;""Product 18"";1;25"
"1307138;""product 1"";1;50"
"1307138;""Product 12"";1;60"
"1307138;""Product 12"";1;60"
"1307139;""Product 16"";1;5"
"1307139;""Product 25"";1;37"
"1307139;""Product 25"";1;37"
"1307139;""Product 26"";1;41"
"1307146;""Product 17"";1;8"
"1307146;""Product 17"";1;8"
"1307170;""Product 11"";1;80"
"1307171;""Product 24"";1;33"
"1307171;""Product 24"";1;33"
"1307171;""Product 24"";1;33"
"1307191;""Product 27"";1;25"
"1307192;""Product 23"";1;19"
"1307203;""Product 11"";1;80"
"1307203;""Product 19"";1;32"
"1307203;""Product 20"";1;40"
"1307219;""Product 13"";1;30"
"1307220;""Product 19"";1;32"
"1307221;""Product 15"";1;16"
"1307222;""Product 23"";1;19"
"1307224;""Product 11"";1;80"
"1307261;""Product 14"";1;20"
"1307262;""Product 26"";1;41"
"1307286;""Product 11"";1;80"
"1307286;""Product 20"";1;40"
"1307287;""Product 15"";1;16"
"1307296;""Product 25"";1;37"
"1307312;""Product 24"";1;33"
"1307331;""Product 16"";2;5"
"1307334;""Product 13"";1;30"
"1307364;""Product 30"";1;14"
"1307365;""Product 13"";2;30"
"1307376;""Product 23"";1;19"
"1307377;""Product 15"";2;16"
"1307411;""Product 15"";1;16"
"1307412;""Product 11"";1;80"
"1307413;""Product 24"";1;33"
"1307413;""Product 24"";1;33"
"1307413;""Product 24"";1;33"
"1307415;""Product 18"";1;25"
"1307415;""Product 20"";1;40"
"1307415;""Product 26"";2;41"
"1307427;""Product 11"";1;80"
"1307427;""Product 26"";1;41"
"1307427;""Product 26"";1;41"
"1307429;""Product 12"";1;60"
"1307429;""Product 20"";1;40"
"1307429;""Product 26"";1;41"
"1307477;""Product 11"";1;80"
"1307484;""Product 17"";1;8"
"1307485;""Product 17"";1;8"
"1307485;""Product 17"";1;8"
"1307485;""Product 17"";1;8"
"1307501;""Product 13"";1;30"
"1307502;""Product 15"";1;16"
"1307516;""Product 17"";1;8"
"1307516;""Product 17"";1;8"
"1307516;""Product 31"";1;9"
"1307517;""Product 23"";1;19"
"1307520;""Product 13"";1;30"
"1307520;""Product 21"";1;80"
"1307521;""Product 20"";1;40"
"1307521;""Product 21"";1;80"
"1307525;""Product 11"";1;80"
"1307525;""Product 20"";2;40"
"1307525;""Product 20"";1;40"
"1307556;""Product 11"";1;80"
"1307556;""Product 20"";1;40"
"1307574;""Product 23"";1;19"
"1307574;""Product 26"";1;41"
"1307599;""Product 11"";1;80"
"1307599;""Product 19"";1;32"
"1307599;""Product 20"";1;40"
"1307613;""product 1"";1;50"
"1307613;""Product 12"";1;60"
"1307634;""Product 11"";1;80"
"1307634;""Product 11"";1;80"
"1307635;""Product 11"";1;80"
"1307635;""Product 20"";1;40"
"1307723;""Product 20"";1;40"
"1307723;""Product 27"";1;25"
"1307727;""Product 24"";1;33"
"1307727;""Product 26"";1;41"
"1307747;""product 1"";1;50"
"1307747;""Product 13"";1;30"
"1307747;""Product 16"";1;5"
"1307748;""Product 24"";1;33"
"1307748;""Product 24"";1;33"
"1307796;""Product 12"";1;60"
"1307796;""Product 31"";1;9"
"1307848;""Product 12"";1;60"
"1307848;""Product 12"";1;60"
"1307848;""Product 31"";1;9"
"1307866;""Product 11"";1;80"
"1307866;""Product 12"";1;60"
"1307897;""product 1"";1;50"
"1307897;""Product 12"";1;60"
"1307897;""Product 12"";1;60"
"1307897;""Product 14"";1;20"
"1307899;""Product 19"";1;32"
"1307899;""Product 20"";1;40"
"1307919;""Product 20"";1;40"
"1307919;""Product 26"";1;41"
"1307920;""Product 11"";1;80"
"1307920;""Product 24"";1;33"
"1307958;""Product 11"";1;80"
"1307958;""Product 11"";1;80"
"1821967;""Product 26"";1;41"
"1821967;""Product 26"";1;41"
"1821967;""Product 26"";1;41"
"1822027;""Product 12"";1;60"
"1822027;""Product 13"";1;30"
"1822030;""Product 13"";1;30"
"1822030;""Product 15"";1;16"
"1822032;""Product 23"";1;19"
"1822032;""Product 25"";1;37"
"1822033;""Product 24"";1;33"
"1822033;""Product 24"";1;33"
"1822035;""Product 11"";1;80"
"1822035;""Product 20"";1;40"
"1822037;""Product 18"";1;25"
"1822037;""Product 20"";1;40"
"1822038;""Product 19"";1;32"
"1822038;""Product 19"";1;32"
"1822128;""Product 19"";1;32"
"1822128;""Product 19"";1;32"
"1822128;""Product 19"";1;32"
"1822130;""Product 12"";1;60"
"1822130;""Product 21"";1;80"
"1822146;""Product 12"";1;60"
"1822146;""Product 20"";1;40"
"1822146;""Product 31"";1;9"
"1822233;""Product 12"";1;60"
"1822233;""Product 15"";1;16"
"1822233;""Product 15"";1;16"
"1822234;""Product 12"";1;60"
"1822234;""Product 15"";1;16"
"1822234;""Product 15"";1;16"
"1822235;""Product 12"";1;60"
"1822235;""Product 12"";1;60"
"1822235;""Product 12"";1;60"
"1822235;""Product 12"";1;60"
"1822235;""Product 20"";1;40"
"1822235;""Product 20"";1;40"
"1822235;""Product 27"";1;25"
"1822236;""Product 11"";1;80"
"1822236;""Product 20"";1;40"
"1822240;""Product 11"";1;80"
"1822240;""Product 20"";1;40"
"1822244;""Product 12"";1;60"
"1822244;""Product 15"";1;16"
"1822244;""Product 15"";1;16"
"1822244;""Product 18"";1;25"
"1822245;""Product 18"";1;25"
"1822245;""Product 20"";1;40"
"1822328;""Product 10"";1;70"
"1822328;""Product 10"";1;70"
"1822333;""Product 12"";1;60"
"1822333;""Product 12"";1;60"
"1822333;""Product 12"";1;60"
"1822333;""Product 20"";1;40"
"1822333;""Product 29"";1;22"
"1822334;""Product 12"";1;60"
"1822334;""Product 19"";1;32"
"1822334;""Product 19"";1;32"
"1822334;""Product 19"";1;32"
"1822334;""Product 19"";1;32"
"1822335;""Product 19"";1;32"
"1822335;""Product 19"";1;32"
"1822335;""Product 19"";1;32"
"1822337;""Product 12"";1;60"
"1822337;""Product 15"";1;16"
"1822337;""Product 15"";1;16"
"1822339;""Product 11"";1;80"
"1822339;""Product 12"";1;60"
"1822339;""Product 12"";1;60"
"1822339;""Product 20"";1;40"
"1822339;""Product 27"";1;25"
"1822341;""Product 12"";1;60"
"1822341;""Product 29"";1;22"
"1822346;""Product 12"";1;60"
"1822346;""Product 28"";1;18"
"1822458;""product 1"";1;50"
"1822458;""Product 12"";1;60"
"1822458;""Product 12"";1;60"
"1822459;""Product 10"";1;70"
"1822459;""Product 10"";1;70"
"1822461;""Product 16"";1;5"
"1822461;""Product 23"";1;19"
"1822462;""product 1"";1;50"
"1822462;""Product 16"";1;5"
"1822463;""Product 10"";1;70"
"1822463;""Product 10"";1;70"
"1822464;""Product 10"";1;70"
"1822464;""Product 24"";1;33"
"1822464;""Product 24"";1;33"
"1822475;""Product 12"";1;60"
"1822475;""Product 28"";1;18"
"1822481;""Product 10"";1;70"
"1822481;""Product 14"";1;20"
"1822481;""Product 14"";1;20"
"1822558;""Product 10"";1;70"
"1822558;""Product 11"";1;80"
"1822558;""Product 16"";1;5"
"1822562;""product 1"";1;50"
"1822562;""Product 12"";1;60"
"1822567;""Product 12"";1;60"
"1822567;""Product 20"";1;40"
"1822567;""Product 22"";1;77"
"1822567;""Product 27"";1;25"
"1822567;""Product 29"";1;22"
"1822569;""Product 14"";1;20"
"1822569;""Product 14"";1;20"
"1822573;""Product 10"";1;70"
"1822573;""Product 20"";1;40"
"1822574;""Product 10"";1;70"
"1822574;""Product 10"";1;70"
"1822576;""product 1"";1;50"
"1822576;""Product 12"";1;60"
"1822576;""Product 12"";1;60"
"1822670;""Product 23"";1;19"
"1822670;""Product 23"";1;19"
"1822671;""Product 12"";1;60"
"1822671;""Product 12"";1;60"
"1822671;""Product 31"";1;9"
"1822672;""Product 12"";1;60"
"1822672;""Product 15"";1;16"
"1822672;""Product 15"";1;16"
"1822774;""Product 25"";1;37"
"1822774;""Product 25"";1;37"
"1822774;""Product 25"";1;37"
"1822775;""Product 12"";1;60"
"1822775;""Product 15"";1;16"
"1822775;""Product 15"";1;16"
"1822775;""Product 15"";1;16"
"1822777;""Product 19"";1;32"
"1822777;""Product 27"";1;25"
"1822780;""Product 12"";1;60"
"1822780;""Product 15"";1;16"
"1822780;""Product 15"";1;16"
"1822787;""Product 19"";1;32"
"1822787;""Product 22"";1;77"
"1822789;""Product 20"";1;40"
"1822789;""Product 20"";1;40"
"1822789;""Product 27"";1;25"
"1822881;""Product 17"";1;8"
"1822881;""Product 17"";1;8"
"1822890;""Product 21"";1;80"
"1822890;""Product 21"";1;80"
"1822892;""Product 12"";1;60"
"1822892;""Product 15"";1;16"
"1822892;""Product 15"";1;16"
"1822892;""Product 15"";1;16"
"1822961;""Product 18"";1;25"
"1822961;""Product 20"";1;40"
"1822988;""Product 21"";1;80"
"1822988;""Product 21"";1;80"
"1822989;""Product 21"";1;80"
"1822989;""Product 21"";1;80"
"1822991;""Product 12"";1;60"
"1822991;""Product 12"";1;60"
"1822991;""Product 16"";1;5"
"1822991;""Product 19"";1;32"
"1822991;""Product 20"";1;40"
"1822992;""Product 10"";1;70"
"1822992;""Product 10"";1;70"
"1822997;""Product 12"";1;60"
"1822997;""Product 22"";1;77"
"1822997;""Product 22"";1;77"
"1822999;""Product 12"";1;60"
"1822999;""Product 20"";1;40"
"1822999;""Product 26"";1;41"
"1823001;""Product 30"";1;14"
"1823001;""Product 30"";1;14"
"1823007;""Product 12"";1;60"
"1823007;""Product 15"";1;16"
"1823007;""Product 15"";1;16"
"1823102;""Product 12"";1;60"
"1823102;""Product 15"";1;16"
"1823102;""Product 15"";1;16"
"1823102;""Product 21"";1;80"
"1823106;""Product 13"";1;30"
"1823106;""Product 26"";1;41"
"1823110;""Product 16"";1;5"
"1823110;""Product 23"";1;19"
"1823110;""Product 23"";1;19"
"1823111;""Product 20"";1;40"
"1823111;""Product 25"";1;37"
"1823111;""Product 25"";1;37"
"1823111;""Product 25"";1;37"
"1823111;""Product 25"";1;37"
"1823111;""Product 29"";1;22"
"1823116;""Product 18"";1;25"
"1823116;""Product 20"";1;40"
"1823118;""Product 11"";1;80"
"1823118;""Product 11"";1;80"
"1823191;""Product 12"";1;60"
"1823191;""Product 12"";1;60"
"1823191;""Product 21"";1;80"
"1823193;""Product 12"";1;60"
"1823193;""Product 18"";1;25"
"1823196;""Product 12"";1;60"
"1823196;""Product 12"";1;60"
"1823196;""Product 12"";1;60"
"1823196;""Product 12"";1;60"
"1823197;""Product 12"";1;60"
"1823197;""Product 12"";1;60"
"1823197;""Product 12"";1;60"
"1823197;""Product 16"";1;5"
"1823202;""Product 12"";1;60"
"1823202;""Product 15"";1;16"
"1823202;""Product 15"";1;16"
"1823287;""Product 12"";1;60"
"1823287;""Product 15"";1;16"
"1823287;""Product 15"";1;16"
"1823294;""Product 11"";1;80"
"1823294;""Product 20"";1;40"
"1823300;""Product 10"";1;70"
"1823300;""Product 13"";1;30"
"1823300;""Product 18"";1;25"
"1823300;""Product 19"";1;32"
"1823300;""Product 19"";1;32"
"1823300;""Product 19"";1;32"
"1823301;""Product 12"";1;60"
"1823301;""Product 12"";1;60"
"1823301;""Product 22"";1;77"
"1823378;""Product 23"";1;19"
"1823378;""Product 25"";1;37"
"1823378;""Product 25"";1;37"
"1823383;""Product 12"";1;60"
"1823383;""Product 15"";1;16"
"1823383;""Product 15"";1;16"
"1823383;""Product 15"";1;16"
"1823390;""Product 12"";1;60"
"1823390;""Product 15"";1;16"
"1823390;""Product 15"";1;16"
"1823396;""Product 11"";1;80"
"1823396;""Product 12"";1;60"
"1823396;""Product 19"";1;32"
"1823396;""Product 20"";1;40"
"1823488;""product 1"";1;50"
"1823488;""Product 16"";1;5"
"1823495;""Product 22"";1;77"
"1823495;""Product 23"";1;19"
"1823500;""Product 12"";1;60"
"1823500;""Product 15"";1;16"
"1823500;""Product 15"";1;16"
"1823503;""Product 10"";1;70"
"1823503;""Product 10"";1;70"
"1823571;""Product 26"";1;41"
"1823571;""Product 26"";1;41"
"1823572;""Product 24"";1;33"
"1823572;""Product 24"";1;33"
"1823572;""Product 24"";1;33"
"1823573;""Product 24"";1;33"
"1823573;""Product 24"";1;33"
"1823575;""Product 12"";1;60"
"1823575;""Product 15"";1;16"
"1823575;""Product 15"";1;16"
"1823576;""Product 25"";1;37"
"1823576;""Product 26"";1;41"
"1823577;""Product 12"";1;60"
"1823577;""Product 15"";1;16"
"1823577;""Product 15"";1;16"
"1823577;""Product 15"";1;16"
"1823577;""Product 18"";1;25"
"1823577;""Product 22"";1;77"
"1823584;""Product 14"";1;20"
"1823584;""Product 20"";1;40"
"1823585;""Product 10"";1;70"
"1823585;""Product 10"";1;70"
"1823586;""Product 11"";1;80"
"1823586;""Product 13"";1;30"
"1823586;""Product 20"";1;40"
"1823587;""Product 14"";1;20"
"1823587;""Product 22"";1;77"
"1823589;""Product 11"";1;80"
"1823589;""Product 11"";1;80"
"1823653;""Product 11"";1;80"
"1823653;""Product 20"";1;40"
"1823667;""Product 12"";1;60"
"1823667;""Product 12"";1;60"
"1823670;""Product 20"";1;40"
"1823670;""Product 20"";1;40"
"1823670;""Product 27"";1;25"
"1823673;""Product 12"";1;60"
"1823673;""Product 15"";1;16"
"1823673;""Product 15"";1;16"
"1823786;""Product 12"";1;60"
"1823786;""Product 15"";1;16"
"1823786;""Product 15"";1;16"
"1823788;""Product 25"";1;37"
"1823788;""Product 25"";1;37"
"1823788;""Product 25"";1;37"
"1823788;""Product 25"";1;37"
"1823792;""Product 11"";1;80"
"1823792;""Product 20"";1;40"
"1823796;""Product 20"";1;40"
"1823796;""Product 20"";1;40"
"1823796;""Product 27"";1;25"
"1823798;""Product 20"";1;40"
"1823798;""Product 28"";1;18"
"1823801;""Product 12"";1;60"
"1823801;""Product 15"";1;16"
"1823801;""Product 15"";1;16"
"1823865;""Product 17"";1;8"
"1823865;""Product 23"";1;19"
"1823865;""Product 23"";1;19"
"1823878;""Product 17"";1;8"
"1823878;""Product 17"";1;8"
"1823879;""Product 17"";1;8"
"1823879;""Product 17"";1;8"
"1823879;""Product 17"";1;8"
"1823880;""Product 24"";1;33"
"1823880;""Product 24"";1;33"
"1823883;""Product 10"";1;70"
"1823883;""Product 10"";1;70"
"1823883;""Product 23"";1;19"
"1823884;""Product 10"";1;70"
"1823884;""Product 10"";1;70"
"1823884;""Product 10"";1;70"
"1823889;""Product 10"";1;70"
"1823889;""Product 30"";1;14"
"1823897;""Product 12"";1;60"
"1823897;""Product 16"";1;5"
"1823897;""Product 20"";1;40"
"1823993;""product 1"";1;50"
"1823993;""Product 12"";1;60"
"1823993;""Product 12"";1;60"
"1823993;""Product 25"";1;37"
"1823993;""Product 25"";1;37"
"1823993;""Product 31"";1;9"
"1823994;""Product 10"";1;70"
"1823994;""Product 10"";1;70"
"1823996;""Product 18"";1;25"
"1823996;""Product 20"";1;40"
"1823996;""Product 24"";1;33"
"1824002;""Product 11"";1;80"
"1824002;""Product 27"";1;25"
"1824006;""Product 12"";1;60"
"1824006;""Product 15"";1;16"
"1824006;""Product 15"";1;16"
"1824006;""Product 15"";1;16"
"1824006;""Product 15"";1;16"
"1824006;""Product 20"";1;40"
"2482814;""Product 10"";1;70"
"2482814;""Product 10"";1;70"
"2482815;""Product 11"";1;80"
"2482815;""Product 12"";1;60"
"2482815;""Product 12"";1;60"
"2482839;""Product 13"";1;30"
"2482839;""Product 14"";1;20"
"2482860;""Product 17"";1;8"
"2482860;""Product 17"";1;8"
"2482888;""Product 19"";1;32"
"2482888;""Product 19"";1;32"
"2482889;""Product 11"";1;80"
"2482889;""Product 15"";1;16"
"2482889;""Product 15"";1;16"
"2482889;""Product 15"";1;16"
"2482889;""Product 20"";1;40"
"2482932;""Product 12"";1;60"
"2482932;""Product 13"";1;30"
"2482969;""Product 11"";1;80"
"2482969;""Product 12"";1;60"
"2482969;""Product 18"";1;25"
"2482969;""Product 20"";1;40"
"2482969;""Product 20"";1;40"
"2482992;""Product 19"";1;32"
"2482992;""Product 20"";1;40"
"2482992;""Product 29"";1;22"
"2483034;""Product 12"";1;60"
"2483034;""Product 15"";1;16"
"2483036;""Product 12"";1;60"
"2483036;""Product 15"";1;16"
"2483036;""Product 15"";1;16"
"2483036;""Product 20"";1;40"
"2483123;""Product 12"";1;60"
"2483123;""Product 21"";1;80"
"2483153;""product 1"";1;50"
"2483153;""Product 12"";1;60"
"2483153;""Product 12"";1;60"
"2483154;""Product 16"";1;5"
"2483154;""Product 25"";1;37"
"2483154;""Product 25"";1;37"
"2483154;""Product 26"";1;41"
"2483161;""Product 17"";1;8"
"2483161;""Product 17"";1;8"
"2483186;""Product 24"";1;33"
"2483186;""Product 24"";1;33"
"2483186;""Product 24"";1;33"
"2483218;""Product 11"";1;80"
"2483218;""Product 19"";1;32"
"2483218;""Product 20"";1;40"
"2483301;""Product 11"";1;80"
"2483301;""Product 20"";1;40"
"2483428;""Product 24"";1;33"
"2483428;""Product 24"";1;33"
"2483428;""Product 24"";1;33"
"2483430;""Product 18"";1;25"
"2483430;""Product 20"";1;40"
"2483430;""Product 26"";2;41"
"2483442;""Product 11"";1;80"
"2483442;""Product 26"";1;41"
"2483442;""Product 26"";1;41"
"2483444;""Product 12"";1;60"
"2483444;""Product 20"";1;40"
"2483444;""Product 26"";1;41"
"2483500;""Product 17"";1;8"
"2483500;""Product 17"";1;8"
"2483500;""Product 17"";1;8"
"2483531;""Product 17"";1;8"
"2483531;""Product 17"";1;8"
"2483531;""Product 31"";1;9"
"2483535;""Product 13"";1;30"
"2483535;""Product 21"";1;80"
"2483536;""Product 20"";1;40"
"2483536;""Product 21"";1;80"
"2483540;""Product 11"";1;80"
"2483540;""Product 20"";2;40"
"2483540;""Product 20"";1;40"
"2483571;""Product 11"";1;80"
"2483571;""Product 20"";1;40"
"2483589;""Product 23"";1;19"
"2483589;""Product 26"";1;41"
"2483614;""Product 11"";1;80"
"2483614;""Product 19"";1;32"
"2483614;""Product 20"";1;40"
"2483628;""product 1"";1;50"
"2483628;""Product 12"";1;60"
"2483649;""Product 11"";1;80"
"2483649;""Product 11"";1;80"
"2483650;""Product 11"";1;80"
"2483650;""Product 20"";1;40"
"2483738;""Product 20"";1;40"
"2483738;""Product 27"";1;25"
"2483742;""Product 24"";1;33"
"2483742;""Product 26"";1;41"
"2483762;""product 1"";1;50"
"2483762;""Product 13"";1;30"
"2483762;""Product 16"";1;5"
"2483763;""Product 24"";1;33"
"2483763;""Product 24"";1;33"
"2483811;""Product 12"";1;60"
"2483811;""Product 31"";1;9"
"2483863;""Product 12"";1;60"
"2483863;""Product 12"";1;60"
"2483863;""Product 31"";1;9"
"2483881;""Product 11"";1;80"
"2483881;""Product 12"";1;60"
"2483912;""product 1"";1;50"
"2483912;""Product 12"";1;60"
"2483912;""Product 12"";1;60"
"2483912;""Product 14"";1;20"
"2483914;""Product 19"";1;32"
"2483914;""Product 20"";1;40"
"2483934;""Product 20"";1;40"
"2483934;""Product 26"";1;41"
"2483935;""Product 11"";1;80"
"2483935;""Product 24"";1;33"
"2483973;""Product 11"";1;80"
"2483973;""Product 11"";1;80"
"2997982;""Product 26"";1;41"
"2997982;""Product 26"";1;41"
"2997982;""Product 26"";1;41"
"2998042;""Product 12"";1;60"
"2998042;""Product 13"";1;30"
"2998045;""Product 13"";1;30"
"2998045;""Product 15"";1;16"
"2998047;""Product 23"";1;19"
"2998047;""Product 25"";1;37"
"2998048;""Product 24"";1;33"
"2998048;""Product 24"";1;33"
"2998050;""Product 11"";1;80"
"2998050;""Product 20"";1;40"
"2998052;""Product 18"";1;25"
"2998052;""Product 20"";1;40"
"2998053;""Product 19"";1;32"
"2998053;""Product 19"";1;32"
"2998143;""Product 19"";1;32"
"2998143;""Product 19"";1;32"
"2998143;""Product 19"";1;32"
"2998145;""Product 12"";1;60"
"2998145;""Product 21"";1;80"
"2998161;""Product 12"";1;60"
"2998161;""Product 20"";1;40"
"2998161;""Product 31"";1;9"
"2998248;""Product 12"";1;60"
"2998248;""Product 15"";1;16"
"2998248;""Product 15"";1;16"
"2998249;""Product 12"";1;60"
"2998249;""Product 15"";1;16"
"2998249;""Product 15"";1;16"
"2998250;""Product 12"";1;60"
"2998250;""Product 12"";1;60"
"2998250;""Product 12"";1;60"
"2998250;""Product 12"";1;60"
"2998250;""Product 20"";1;40"
"2998250;""Product 20"";1;40"
"2998250;""Product 27"";1;25"
"2998251;""Product 11"";1;80"
"2998251;""Product 20"";1;40"
"2998255;""Product 11"";1;80"
"2998255;""Product 20"";1;40"
"2998259;""Product 12"";1;60"
"2998259;""Product 15"";1;16"
"2998259;""Product 15"";1;16"
"2998259;""Product 18"";1;25"
"2998260;""Product 18"";1;25"
"2998260;""Product 20"";1;40"
"2998343;""Product 10"";1;70"
"2998343;""Product 10"";1;70"
"2998348;""Product 12"";1;60"
"2998348;""Product 12"";1;60"
"2998348;""Product 12"";1;60"
"2998348;""Product 20"";1;40"
"2998348;""Product 29"";1;22"
"2998349;""Product 12"";1;60"
"2998349;""Product 19"";1;32"
"2998349;""Product 19"";1;32"
"2998349;""Product 19"";1;32"
"2998349;""Product 19"";1;32"
"2998350;""Product 19"";1;32"
"2998350;""Product 19"";1;32"
"2998350;""Product 19"";1;32"
"2998352;""Product 12"";1;60"
"2998352;""Product 15"";1;16"
"2998352;""Product 15"";1;16"
"2998354;""Product 11"";1;80"
"2998354;""Product 12"";1;60"
"2998354;""Product 12"";1;60"
"2998354;""Product 20"";1;40"
"2998354;""Product 27"";1;25"
"2998356;""Product 12"";1;60"
"2998356;""Product 29"";1;22"
"2998361;""Product 12"";1;60"
"2998361;""Product 28"";1;18"
"2998473;""product 1"";1;50"
"2998473;""Product 12"";1;60"
"2998473;""Product 12"";1;60"
"2998474;""Product 10"";1;70"
"2998474;""Product 10"";1;70"
"2998476;""Product 16"";1;5"
"2998476;""Product 23"";1;19"
"2998477;""product 1"";1;50"
"2998477;""Product 16"";1;5"
"2998478;""Product 10"";1;70"
"2998478;""Product 10"";1;70"
"2998479;""Product 10"";1;70"
"2998479;""Product 24"";1;33"
"2998479;""Product 24"";1;33"
"2998490;""Product 12"";1;60"
"2998490;""Product 28"";1;18"
"2998496;""Product 10"";1;70"
"2998496;""Product 14"";1;20"
"2998496;""Product 14"";1;20"
"2998573;""Product 10"";1;70"
"2998573;""Product 11"";1;80"
"2998573;""Product 16"";1;5"
"2998577;""product 1"";1;50"
"2998577;""Product 12"";1;60"
"2998582;""Product 12"";1;60"
"2998582;""Product 20"";1;40"
"2998582;""Product 22"";1;77"
"2998582;""Product 27"";1;25"
"2998582;""Product 29"";1;22"
"2998584;""Product 14"";1;20"
"2998584;""Product 14"";1;20"
"2998588;""Product 10"";1;70"
"2998588;""Product 20"";1;40"
"2998589;""Product 10"";1;70"
"2998589;""Product 10"";1;70"
"2998591;""product 1"";1;50"
"2998591;""Product 12"";1;60"
"2998591;""Product 12"";1;60"
"2998685;""Product 23"";1;19"
"2998685;""Product 23"";1;19"
"2998686;""Product 12"";1;60"
"2998686;""Product 12"";1;60"
"2998686;""Product 31"";1;9"
"2998687;""Product 12"";1;60"
"2998687;""Product 15"";1;16"
"2998687;""Product 15"";1;16"
"2998789;""Product 25"";1;37"
"2998789;""Product 25"";1;37"
"2998789;""Product 25"";1;37"
"2998790;""Product 12"";1;60"
"2998790;""Product 15"";1;16"
"2998790;""Product 15"";1;16"
"2998790;""Product 15"";1;16"
"2998792;""Product 19"";1;32"
"2998792;""Product 27"";1;25"
"2998795;""Product 12"";1;60"
"2998795;""Product 15"";1;16"
"2998795;""Product 15"";1;16"
"2998802;""Product 19"";1;32"
"2998802;""Product 22"";1;77"
"2998804;""Product 20"";1;40"
"2998804;""Product 20"";1;40"
"2998804;""Product 27"";1;25"
"2998896;""Product 17"";1;8"
"2998896;""Product 17"";1;8"
"2998905;""Product 21"";1;80"
"2998905;""Product 21"";1;80"
"2998907;""Product 12"";1;60"
"2998907;""Product 15"";1;16"
"2998907;""Product 15"";1;16"
"2998907;""Product 15"";1;16"
"2998976;""Product 18"";1;25"
"2998976;""Product 20"";1;40"
"2999003;""Product 21"";1;80"
"2999003;""Product 21"";1;80"
"2999004;""Product 21"";1;80"
"2999004;""Product 21"";1;80"
"2999006;""Product 12"";1;60"
"2999006;""Product 12"";1;60"
"2999006;""Product 16"";1;5"
"2999006;""Product 19"";1;32"
"2999006;""Product 20"";1;40"
"2999007;""Product 10"";1;70"
"2999007;""Product 10"";1;70"
"2999012;""Product 12"";1;60"
"2999012;""Product 22"";1;77"
"2999012;""Product 22"";1;77"
"2999014;""Product 12"";1;60"
"2999014;""Product 20"";1;40"
"2999014;""Product 26"";1;41"
"2999016;""Product 30"";1;14"
"2999016;""Product 30"";1;14"
"2999022;""Product 12"";1;60"
"2999022;""Product 15"";1;16"
"2999022;""Product 15"";1;16"
"2999117;""Product 12"";1;60"
"2999117;""Product 15"";1;16"
"2999117;""Product 15"";1;16"
"2999117;""Product 21"";1;80"
"2999121;""Product 13"";1;30"
"2999121;""Product 26"";1;41"
"2999125;""Product 16"";1;5"
"2999125;""Product 23"";1;19"
"2999125;""Product 23"";1;19"
"2999126;""Product 20"";1;40"
"2999126;""Product 25"";1;37"
"2999126;""Product 25"";1;37"
"2999126;""Product 25"";1;37"
"2999126;""Product 25"";1;37"
"2999126;""Product 29"";1;22"
"2999131;""Product 18"";1;25"
"2999131;""Product 20"";1;40"
"2999133;""Product 11"";1;80"
"2999133;""Product 11"";1;80"
"2999206;""Product 12"";1;60"
"2999206;""Product 12"";1;60"
"2999206;""Product 21"";1;80"
"2999208;""Product 12"";1;60"
"2999208;""Product 18"";1;25"
"2999211;""Product 12"";1;60"
"2999211;""Product 12"";1;60"
"2999211;""Product 12"";1;60"
"2999211;""Product 12"";1;60"
"2999212;""Product 12"";1;60"
"2999212;""Product 12"";1;60"
"2999212;""Product 12"";1;60"
"2999212;""Product 16"";1;5"
"2999217;""Product 12"";1;60"
"2999217;""Product 15"";1;16"
"2999217;""Product 15"";1;16"
"2999302;""Product 12"";1;60"
"2999302;""Product 15"";1;16"
"2999302;""Product 15"";1;16"
"2999309;""Product 11"";1;80"
"2999309;""Product 20"";1;40"
"2999315;""Product 10"";1;70"
"2999315;""Product 13"";1;30"
"2999315;""Product 18"";1;25"
"2999315;""Product 19"";1;32"
"2999315;""Product 19"";1;32"
"2999315;""Product 19"";1;32"
"2999316;""Product 12"";1;60"
"2999316;""Product 12"";1;60"
"2999316;""Product 22"";1;77"
"2999393;""Product 23"";1;19"
"2999393;""Product 25"";1;37"
"2999393;""Product 25"";1;37"
"2999398;""Product 12"";1;60"
"2999398;""Product 15"";1;16"
"2999398;""Product 15"";1;16"
"2999398;""Product 15"";1;16"
"2999405;""Product 12"";1;60"
"2999405;""Product 15"";1;16"
"2999405;""Product 15"";1;16"
"2999411;""Product 11"";1;80"
"2999411;""Product 12"";1;60"
"2999411;""Product 19"";1;32"
"2999411;""Product 20"";1;40"
"2999503;""product 1"";1;50"
"2999503;""Product 16"";1;5"
"2999510;""Product 22"";1;77"
"2999510;""Product 23"";1;19"
"2999515;""Product 12"";1;60"
"2999515;""Product 15"";1;16"
"2999515;""Product 15"";1;16"
"2999518;""Product 10"";1;70"
"2999518;""Product 10"";1;70"
"2999586;""Product 26"";1;41"
"2999586;""Product 26"";1;41"
"2999587;""Product 24"";1;33"
"2999587;""Product 24"";1;33"
"2999587;""Product 24"";1;33"
"2999588;""Product 24"";1;33"
"2999588;""Product 24"";1;33"
"2999590;""Product 12"";1;60"
"2999590;""Product 15"";1;16"
"2999590;""Product 15"";1;16"
"2999591;""Product 25"";1;37"
"2999591;""Product 26"";1;41"
"2999592;""Product 12"";1;60"
"2999592;""Product 15"";1;16"
"2999592;""Product 15"";1;16"
"2999592;""Product 15"";1;16"
"2999592;""Product 18"";1;25"
"2999592;""Product 22"";1;77"
"2999599;""Product 14"";1;20"
"2999599;""Product 20"";1;40"
"2999600;""Product 10"";1;70"
"2999600;""Product 10"";1;70"
"2999601;""Product 11"";1;80"
"2999601;""Product 13"";1;30"
"2999601;""Product 20"";1;40"
"2999602;""Product 14"";1;20"
"2999602;""Product 22"";1;77"
"2999604;""Product 11"";1;80"
"2999604;""Product 11"";1;80"
"2999668;""Product 11"";1;80"
"2999668;""Product 20"";1;40"
"2999682;""Product 12"";1;60"
"2999682;""Product 12"";1;60"
"2999685;""Product 20"";1;40"
"2999685;""Product 20"";1;40"
"2999685;""Product 27"";1;25"
"2999688;""Product 12"";1;60"
"2999688;""Product 15"";1;16"
"2999688;""Product 15"";1;16"
"2999801;""Product 12"";1;60"
"2999801;""Product 15"";1;16"
"2999801;""Product 15"";1;16"
"2999803;""Product 25"";1;37"
"2999803;""Product 25"";1;37"
"2999803;""Product 25"";1;37"
"2999803;""Product 25"";1;37"
"2999807;""Product 11"";1;80"
"2999807;""Product 20"";1;40"
"2999811;""Product 20"";1;40"
"2999811;""Product 20"";1;40"
"2999811;""Product 27"";1;25"
"2999813;""Product 20"";1;40"
"2999813;""Product 28"";1;18"
"2999816;""Product 12"";1;60"
"2999816;""Product 15"";1;16"
"2999816;""Product 15"";1;16"
"2999880;""Product 17"";1;8"
"2999880;""Product 23"";1;19"
"2999880;""Product 23"";1;19"
"2999893;""Product 17"";1;8"
"2999893;""Product 17"";1;8"
"2999894;""Product 17"";1;8"
"2999894;""Product 17"";1;8"
"2999894;""Product 17"";1;8"
"2999895;""Product 24"";1;33"
"2999895;""Product 24"";1;33"
"2999898;""Product 10"";1;70"
"2999898;""Product 10"";1;70"
"2999898;""Product 23"";1;19"
"2999899;""Product 10"";1;70"
"2999899;""Product 10"";1;70"
"2999899;""Product 10"";1;70"
"2999904;""Product 10"";1;70"
"2999904;""Product 30"";1;14"
"2999912;""Product 12"";1;60"
"2999912;""Product 16"";1;5"
"2999912;""Product 20"";1;40"
"3000008;""product 1"";1;50"
"3000008;""Product 12"";1;60"
"3000008;""Product 12"";1;60"
"3000008;""Product 25"";1;37"
"3000008;""Product 25"";1;37"
"3000008;""Product 31"";1;9"
"3000009;""Product 10"";1;70"
"3000009;""Product 10"";1;70"
"3000011;""Product 18"";1;25"
"3000011;""Product 20"";1;40"
"3000011;""Product 24"";1;33"
"3000017;""Product 11"";1;80"
"3000017;""Product 27"";1;25"
"3000021;""Product 12"";1;60"
"3000021;""Product 15"";1;16"
"3000021;""Product 15"";1;16"
"3000021;""Product 15"";1;16"
"3000021;""Product 15"";1;16"
"3000021;""Product 20"";1;40"
"3658829;""Product 10"";1;70"
"3658829;""Product 10"";1;70"
"3658830;""Product 11"";1;80"
"3658830;""Product 12"";1;60"
"3658830;""Product 12"";1;60"
"3658854;""Product 13"";1;30"
"3658854;""Product 14"";1;20"
"3658875;""Product 17"";1;8"
"3658875;""Product 17"";1;8"
"3658903;""Product 19"";1;32"
"3658903;""Product 19"";1;32"
"3658904;""Product 11"";1;80"
"3658904;""Product 15"";1;16"
"3658904;""Product 15"";1;16"
"3658904;""Product 15"";1;16"
"3658904;""Product 20"";1;40"
"3658947;""Product 12"";1;60"
"3658947;""Product 13"";1;30"
"3658984;""Product 11"";1;80"
"3658984;""Product 12"";1;60"
"3658984;""Product 18"";1;25"
"3658984;""Product 20"";1;40"
"3658984;""Product 20"";1;40"
"3659007;""Product 19"";1;32"
"3659007;""Product 20"";1;40"
"3659007;""Product 29"";1;22"
"3659049;""Product 12"";1;60"
"3659049;""Product 15"";1;16"
"3659051;""Product 12"";1;60"
"3659051;""Product 15"";1;16"
"3659051;""Product 15"";1;16"
"3659051;""Product 20"";1;40"
"3659138;""Product 12"";1;60"
"3659138;""Product 21"";1;80"
"3659168;""product 1"";1;50"
"3659168;""Product 12"";1;60"
"3659168;""Product 12"";1;60"
"3659169;""Product 16"";1;5"
"3659169;""Product 25"";1;37"
"3659169;""Product 25"";1;37"
"3659169;""Product 26"";1;41"
"3659176;""Product 17"";1;8"
"3659176;""Product 17"";1;8"
"3659201;""Product 24"";1;33"
"3659201;""Product 24"";1;33"
"3659201;""Product 24"";1;33"
"3659233;""Product 11"";1;80"
"3659233;""Product 19"";1;32"
"3659233;""Product 20"";1;40"
"3659316;""Product 11"";1;80"
"3659316;""Product 20"";1;40"
"3659443;""Product 24"";1;33"
"3659443;""Product 24"";1;33"
"3659443;""Product 24"";1;33"
"3659445;""Product 18"";1;25"
"3659445;""Product 20"";1;40"
"3659445;""Product 26"";2;41"
"3659457;""Product 11"";1;80"
"3659457;""Product 26"";1;41"
"3659457;""Product 26"";1;41"
"3659459;""Product 12"";1;60"
"3659459;""Product 20"";1;40"
"3659459;""Product 26"";1;41"
"3659515;""Product 17"";1;8"
"3659515;""Product 17"";1;8"
"3659515;""Product 17"";1;8"
"3659546;""Product 17"";1;8"
"3659546;""Product 17"";1;8"
"3659546;""Product 31"";1;9"
"3659550;""Product 13"";1;30"
"3659550;""Product 21"";1;80"
"3659551;""Product 20"";1;40"
"3659551;""Product 21"";1;80"
"3659555;""Product 11"";1;80"
"3659555;""Product 20"";2;40"
"3659555;""Product 20"";1;40"
"3659586;""Product 11"";1;80"
"3659586;""Product 20"";1;40"
"3659604;""Product 23"";1;19"
"3659604;""Product 26"";1;41"
"3659629;""Product 11"";1;80"
"3659629;""Product 19"";1;32"
"3659629;""Product 20"";1;40"
"3659643;""product 1"";1;50"
"3659643;""Product 12"";1;60"
"3659664;""Product 11"";1;80"
"3659664;""Product 11"";1;80"
"3659665;""Product 11"";1;80"
"3659665;""Product 20"";1;40"
"3659753;""Product 20"";1;40"
"3659753;""Product 27"";1;25"
"3659757;""Product 24"";1;33"
"3659757;""Product 26"";1;41"
"3659777;""product 1"";1;50"
"3659777;""Product 13"";1;30"
"3659777;""Product 16"";1;5"
"3659778;""Product 24"";1;33"
"3659778;""Product 24"";1;33"
"3659826;""Product 12"";1;60"
"3659826;""Product 31"";1;9"
"3659878;""Product 12"";1;60"
"3659878;""Product 12"";1;60"
"3659878;""Product 31"";1;9"
"3659896;""Product 11"";1;80"
"3659896;""Product 12"";1;60"
"3659927;""product 1"";1;50"
"3659927;""Product 12"";1;60"
"3659927;""Product 12"";1;60"
"3659927;""Product 14"";1;20"
"3659929;""Product 19"";1;32"
"3659929;""Product 20"";1;40"
"3659949;""Product 20"";1;40"
"3659949;""Product 26"";1;41"
"3659950;""Product 11"";1;80"
"3659950;""Product 24"";1;33"
"3659988;""Product 11"";1;80"
"3659988;""Product 11"";1;80"
"4173997;""Product 26"";1;41"
"4173997;""Product 26"";1;41"
"4173997;""Product 26"";1;41"
"4174057;""Product 12"";1;60"
"4174057;""Product 13"";1;30"
"4174060;""Product 13"";1;30"
"4174060;""Product 15"";1;16"
"4174062;""Product 23"";1;19"
"4174062;""Product 25"";1;37"
"4174063;""Product 24"";1;33"
"4174063;""Product 24"";1;33"
"4174065;""Product 11"";1;80"
"4174065;""Product 20"";1;40"
"4174067;""Product 18"";1;25"
"4174067;""Product 20"";1;40"
"4174068;""Product 19"";1;32"
"4174068;""Product 19"";1;32"
"4174158;""Product 19"";1;32"
"4174158;""Product 19"";1;32"
"4174158;""Product 19"";1;32"
"4174160;""Product 12"";1;60"
"4174160;""Product 21"";1;80"
"4174176;""Product 12"";1;60"
"4174176;""Product 20"";1;40"
"4174176;""Product 31"";1;9"
"4174263;""Product 12"";1;60"
"4174263;""Product 15"";1;16"
"4174263;""Product 15"";1;16"
"4174264;""Product 12"";1;60"
"4174264;""Product 15"";1;16"
"4174264;""Product 15"";1;16"
"4174265;""Product 12"";1;60"
"4174265;""Product 12"";1;60"
"4174265;""Product 12"";1;60"
"4174265;""Product 12"";1;60"
"4174265;""Product 20"";1;40"
"4174265;""Product 20"";1;40"
"4174265;""Product 27"";1;25"
"4174266;""Product 11"";1;80"
"4174266;""Product 20"";1;40"
"4174270;""Product 11"";1;80"
"4174270;""Product 20"";1;40"
"4174274;""Product 12"";1;60"
"4174274;""Product 15"";1;16"
"4174274;""Product 15"";1;16"
"4174274;""Product 18"";1;25"
"4174275;""Product 18"";1;25"
"4174275;""Product 20"";1;40"
"4174358;""Product 10"";1;70"
"4174358;""Product 10"";1;70"
"4174363;""Product 12"";1;60"
"4174363;""Product 12"";1;60"
"4174363;""Product 12"";1;60"
"4174363;""Product 20"";1;40"
"4174363;""Product 29"";1;22"
"4174364;""Product 12"";1;60"
"4174364;""Product 19"";1;32"
"4174364;""Product 19"";1;32"
"4174364;""Product 19"";1;32"
"4174364;""Product 19"";1;32"
"4174365;""Product 19"";1;32"
"4174365;""Product 19"";1;32"
"4174365;""Product 19"";1;32"
"4174367;""Product 12"";1;60"
"4174367;""Product 15"";1;16"
"4174367;""Product 15"";1;16"
"4174369;""Product 11"";1;80"
"4174369;""Product 12"";1;60"
"4174369;""Product 12"";1;60"
"4174369;""Product 20"";1;40"
"4174369;""Product 27"";1;25"
"4174371;""Product 12"";1;60"
"4174371;""Product 29"";1;22"
"4174376;""Product 12"";1;60"
"4174376;""Product 28"";1;18"
"4174488;""product 1"";1;50"
"4174488;""Product 12"";1;60"
"4174488;""Product 12"";1;60"
"4174489;""Product 10"";1;70"
"4174489;""Product 10"";1;70"
"4174491;""Product 16"";1;5"
"4174491;""Product 23"";1;19"
"4174492;""product 1"";1;50"
"4174492;""Product 16"";1;5"
"4174493;""Product 10"";1;70"
"4174493;""Product 10"";1;70"
"4174494;""Product 10"";1;70"
"4174494;""Product 24"";1;33"
"4174494;""Product 24"";1;33"
"4174505;""Product 12"";1;60"
"4174505;""Product 28"";1;18"
"4174511;""Product 10"";1;70"
"4174511;""Product 14"";1;20"
"4174511;""Product 14"";1;20"
"4174588;""Product 10"";1;70"
"4174588;""Product 11"";1;80"
"4174588;""Product 16"";1;5"
"4174592;""product 1"";1;50"
"4174592;""Product 12"";1;60"
"4174597;""Product 12"";1;60"
"4174597;""Product 20"";1;40"
"4174597;""Product 22"";1;77"
"4174597;""Product 27"";1;25"
"4174597;""Product 29"";1;22"
"4174599;""Product 14"";1;20"
"4174599;""Product 14"";1;20"
"4174603;""Product 10"";1;70"
"4174603;""Product 20"";1;40"
"4174604;""Product 10"";1;70"
"4174604;""Product 10"";1;70"
"4174606;""product 1"";1;50"
"4174606;""Product 12"";1;60"
"4174606;""Product 12"";1;60"
"4174700;""Product 23"";1;19"
"4174700;""Product 23"";1;19"
"4174701;""Product 12"";1;60"
"4174701;""Product 12"";1;60"
"4174701;""Product 31"";1;9"
"4174702;""Product 12"";1;60"
"4174702;""Product 15"";1;16"
"4174702;""Product 15"";1;16"
"4174804;""Product 25"";1;37"
"4174804;""Product 25"";1;37"
"4174804;""Product 25"";1;37"
"4174805;""Product 12"";1;60"
"4174805;""Product 15"";1;16"
"4174805;""Product 15"";1;16"
"4174805;""Product 15"";1;16"
"4174807;""Product 19"";1;32"
"4174807;""Product 27"";1;25"
"4174810;""Product 12"";1;60"
"4174810;""Product 15"";1;16"
"4174810;""Product 15"";1;16"
"4174817;""Product 19"";1;32"
"4174817;""Product 22"";1;77"
"4174819;""Product 20"";1;40"
"4174819;""Product 20"";1;40"
"4174819;""Product 27"";1;25"
"4174911;""Product 17"";1;8"
"4174911;""Product 17"";1;8"
"4174920;""Product 21"";1;80"
"4174920;""Product 21"";1;80"
"4174922;""Product 12"";1;60"
"4174922;""Product 15"";1;16"
"4174922;""Product 15"";1;16"
"4174922;""Product 15"";1;16"
"4174991;""Product 18"";1;25"
"4174991;""Product 20"";1;40"
"4175018;""Product 21"";1;80"
"4175018;""Product 21"";1;80"
"4175019;""Product 21"";1;80"
"4175019;""Product 21"";1;80"
"4175021;""Product 12"";1;60"
"4175021;""Product 12"";1;60"
"4175021;""Product 16"";1;5"
"4175021;""Product 19"";1;32"
"4175021;""Product 20"";1;40"
"4175022;""Product 10"";1;70"
"4175022;""Product 10"";1;70"
"4175027;""Product 12"";1;60"
"4175027;""Product 22"";1;77"
"4175027;""Product 22"";1;77"
"4175029;""Product 12"";1;60"
"4175029;""Product 20"";1;40"
"4175029;""Product 26"";1;41"
"4175031;""Product 30"";1;14"
"4175031;""Product 30"";1;14"
"4175037;""Product 12"";1;60"
"4175037;""Product 15"";1;16"
"4175037;""Product 15"";1;16"
"4175132;""Product 12"";1;60"
"4175132;""Product 15"";1;16"
"4175132;""Product 15"";1;16"
"4175132;""Product 21"";1;80"
"4175136;""Product 13"";1;30"
"4175136;""Product 26"";1;41"
"4175140;""Product 16"";1;5"
"4175140;""Product 23"";1;19"
"4175140;""Product 23"";1;19"
"4175141;""Product 20"";1;40"
"4175141;""Product 25"";1;37"
"4175141;""Product 25"";1;37"
"4175141;""Product 25"";1;37"
"4175141;""Product 25"";1;37"
"4175141;""Product 29"";1;22"
"4175146;""Product 18"";1;25"
"4175146;""Product 20"";1;40"
"4175148;""Product 11"";1;80"
"4175148;""Product 11"";1;80"
"4175221;""Product 12"";1;60"
"4175221;""Product 12"";1;60"
"4175221;""Product 21"";1;80"
"4175223;""Product 12"";1;60"
"4175223;""Product 18"";1;25"
"4175226;""Product 12"";1;60"
"4175226;""Product 12"";1;60"
"4175226;""Product 12"";1;60"
"4175226;""Product 12"";1;60"
"4175227;""Product 12"";1;60"
"4175227;""Product 12"";1;60"
"4175227;""Product 12"";1;60"
"4175227;""Product 16"";1;5"
"4175232;""Product 12"";1;60"
"4175232;""Product 15"";1;16"
"4175232;""Product 15"";1;16"
"4175317;""Product 12"";1;60"
"4175317;""Product 15"";1;16"
"4175317;""Product 15"";1;16"
"4175324;""Product 11"";1;80"
"4175324;""Product 20"";1;40"
"4175330;""Product 10"";1;70"
"4175330;""Product 13"";1;30"
"4175330;""Product 18"";1;25"
"4175330;""Product 19"";1;32"
"4175330;""Product 19"";1;32"
"4175330;""Product 19"";1;32"
"4175331;""Product 12"";1;60"
"4175331;""Product 12"";1;60"
"4175331;""Product 22"";1;77"
"4175408;""Product 23"";1;19"
"4175408;""Product 25"";1;37"
"4175408;""Product 25"";1;37"
"4175413;""Product 12"";1;60"
"4175413;""Product 15"";1;16"
"4175413;""Product 15"";1;16"
"4175413;""Product 15"";1;16"
"4175420;""Product 12"";1;60"
"4175420;""Product 15"";1;16"
"4175420;""Product 15"";1;16"
"4175426;""Product 11"";1;80"
"4175426;""Product 12"";1;60"
"4175426;""Product 19"";1;32"
"4175426;""Product 20"";1;40"
"4175518;""product 1"";1;50"
"4175518;""Product 16"";1;5"
"4175525;""Product 22"";1;77"
"4175525;""Product 23"";1;19"
"4175530;""Product 12"";1;60"
"4175530;""Product 15"";1;16"
"4175530;""Product 15"";1;16"
"4175533;""Product 10"";1;70"
"4175533;""Product 10"";1;70"
"4175601;""Product 26"";1;41"
"4175601;""Product 26"";1;41"
"4175602;""Product 24"";1;33"
"4175602;""Product 24"";1;33"
"4175602;""Product 24"";1;33"
"4175603;""Product 24"";1;33"
"4175603;""Product 24"";1;33"
"4175605;""Product 12"";1;60"
"4175605;""Product 15"";1;16"
"4175605;""Product 15"";1;16"
"4175606;""Product 25"";1;37"
"4175606;""Product 26"";1;41"
"4175607;""Product 12"";1;60"
"4175607;""Product 15"";1;16"
"4175607;""Product 15"";1;16"
"4175607;""Product 15"";1;16"
"4175607;""Product 18"";1;25"
"4175607;""Product 22"";1;77"
"4175614;""Product 14"";1;20"
"4175614;""Product 20"";1;40"
"4175615;""Product 10"";1;70"
"4175615;""Product 10"";1;70"
"4175616;""Product 11"";1;80"
"4175616;""Product 13"";1;30"
"4175616;""Product 20"";1;40"
"4175617;""Product 14"";1;20"
"4175617;""Product 22"";1;77"
"4175619;""Product 11"";1;80"
"4175619;""Product 11"";1;80"
"4175683;""Product 11"";1;80"
"4175683;""Product 20"";1;40"
"4175697;""Product 12"";1;60"
"4175697;""Product 12"";1;60"
"4175700;""Product 20"";1;40"
"4175700;""Product 20"";1;40"
"4175700;""Product 27"";1;25"
"4175703;""Product 12"";1;60"
"4175703;""Product 15"";1;16"
"4175703;""Product 15"";1;16"
"4175816;""Product 12"";1;60"
"4175816;""Product 15"";1;16"
"4175816;""Product 15"";1;16"
"4175818;""Product 25"";1;37"
"4175818;""Product 25"";1;37"
"4175818;""Product 25"";1;37"
"4175818;""Product 25"";1;37"
"4175822;""Product 11"";1;80"
"4175822;""Product 20"";1;40"
"4175826;""Product 20"";1;40"
"4175826;""Product 20"";1;40"
"4175826;""Product 27"";1;25"
"4175828;""Product 20"";1;40"
"4175828;""Product 28"";1;18"
"4175831;""Product 12"";1;60"
"4175831;""Product 15"";1;16"
"4175831;""Product 15"";1;16"
"4175895;""Product 17"";1;8"
"4175895;""Product 23"";1;19"
"4175895;""Product 23"";1;19"
"4175908;""Product 17"";1;8"
"4175908;""Product 17"";1;8"
"4175909;""Product 17"";1;8"
"4175909;""Product 17"";1;8"
"4175909;""Product 17"";1;8"
"4175910;""Product 24"";1;33"
"4175910;""Product 24"";1;33"
"4175913;""Product 10"";1;70"
"4175913;""Product 10"";1;70"
"4175913;""Product 23"";1;19"
"4175914;""Product 10"";1;70"
"4175914;""Product 10"";1;70"
"4175914;""Product 10"";1;70"
"4175919;""Product 10"";1;70"
"4175919;""Product 30"";1;14"
"4175927;""Product 12"";1;60"
"4175927;""Product 16"";1;5"
"4175927;""Product 20"";1;40"
"4176023;""product 1"";1;50"
"4176023;""Product 12"";1;60"
"4176023;""Product 12"";1;60"
"4176023;""Product 25"";1;37"
"4176023;""Product 25"";1;37"
"4176023;""Product 31"";1;9"
"4176024;""Product 10"";1;70"
"4176024;""Product 10"";1;70"
"4176026;""Product 18"";1;25"
"4176026;""Product 20"";1;40"
"4176026;""Product 24"";1;33"
"4176032;""Product 11"";1;80"
"4176032;""Product 27"";1;25"
"4176036;""Product 12"";1;60"
"4176036;""Product 15"";1;16"
"4176036;""Product 15"";1;16"
"4176036;""Product 15"";1;16"
"4176036;""Product 15"";1;16"
"4176036;""Product 20"";1;40"
"4834844;""Product 10"";1;70"
"4834844;""Product 10"";1;70"
"4834845;""Product 11"";1;80"
"4834845;""Product 12"";1;60"
"4834845;""Product 12"";1;60"
"4834869;""Product 13"";1;30"
"4834869;""Product 14"";1;20"
"4834890;""Product 17"";1;8"
"4834890;""Product 17"";1;8"
"4834918;""Product 19"";1;32"
"4834918;""Product 19"";1;32"
"4834919;""Product 11"";1;80"
"4834919;""Product 15"";1;16"
"4834919;""Product 15"";1;16"
"4834919;""Product 15"";1;16"
"4834919;""Product 20"";1;40"
"4834962;""Product 12"";1;60"
"4834962;""Product 13"";1;30"
"4834999;""Product 11"";1;80"
"4834999;""Product 12"";1;60"
"4834999;""Product 18"";1;25"
"4834999;""Product 20"";1;40"
"4834999;""Product 20"";1;40"
"4835022;""Product 19"";1;32"
"4835022;""Product 20"";1;40"
"4835022;""Product 29"";1;22"
"4835064;""Product 12"";1;60"
"4835064;""Product 15"";1;16"
"4835066;""Product 12"";1;60"
"4835066;""Product 15"";1;16"
"4835066;""Product 15"";1;16"
"4835066;""Product 20"";1;40"
"4835153;""Product 12"";1;60"
"4835153;""Product 21"";1;80"
"4835183;""product 1"";1;50"
"4835183;""Product 12"";1;60"
"4835183;""Product 12"";1;60"
"4835184;""Product 16"";1;5"
"4835184;""Product 25"";1;37"
"4835184;""Product 25"";1;37"
"4835184;""Product 26"";1;41"
"4835191;""Product 17"";1;8"
"4835191;""Product 17"";1;8"
"4835216;""Product 24"";1;33"
"4835216;""Product 24"";1;33"
"4835216;""Product 24"";1;33"
"4835248;""Product 11"";1;80"
"4835248;""Product 19"";1;32"
"4835248;""Product 20"";1;40"
"4835331;""Product 11"";1;80"
"4835331;""Product 20"";1;40"
"4835458;""Product 24"";1;33"
"4835458;""Product 24"";1;33"
"4835458;""Product 24"";1;33"
"4835460;""Product 18"";1;25"
"4835460;""Product 20"";1;40"
"4835460;""Product 26"";2;41"
"4835472;""Product 11"";1;80"
"4835472;""Product 26"";1;41"
"4835472;""Product 26"";1;41"
"4835474;""Product 12"";1;60"
"4835474;""Product 20"";1;40"
"4835474;""Product 26"";1;41"
"4835530;""Product 17"";1;8"
"4835530;""Product 17"";1;8"
"4835530;""Product 17"";1;8"
"4835561;""Product 17"";1;8"
"4835561;""Product 17"";1;8"
"4835561;""Product 31"";1;9"
"4835565;""Product 13"";1;30"
"4835565;""Product 21"";1;80"